var1,var2,var3,var4,var5
2.9345107725078563,9.406728074902055,0.3355351153623154,241.50037492099437,205.3465203038098
6.679642991664455,14.044712315918655,0.32228091916479984,286.00862159170265,289.1502062186951
5.257960621774133,18.348295866393308,0.915629122468933,89.91797566650713,272.8977737946671
4.391280147280738,16.518923523324297,0.3245915798645555,224.32980175891262,55.25006578506475
1.5141211628758373,17.485294922198847,0.3447547535157679,205.25680794860577,53.58055963718913
1.5139643821853173,15.564183767239326,0.7834584361761673,298.98610526698934,96.27459802042388
0.8775434790932966,15.999595338732082,0.504765858205486,325.28525471277254,129.62582675643236
6.130144947537079,18.03954347034915,0.799039501259663,4.364280960381864,146.63555372564525
4.407247576330857,10.245684115169418,0.15882954180794673,241.97315094210657,244.01130084317094
5.102471755674296,13.362524527360826,0.5388140743060459,18.60905188398272,20.34827514753491
0.6337992129227159,9.87572274365483,0.13025224016495437,197.04026076277077,12.447500817157833
6.804414039052963,19.83968410395641,0.15638788310981908,103.26014972668048,140.69589209686333
5.910877165202741,19.272771415925973,0.9157937080099698,110.13279922844869,250.28176547753498
1.8802042194087951,7.512548547790576,0.22532083400583566,126.71210273939602,69.44328812137724
1.6818622868461541,16.17247724270395,0.5791786140476954,223.04398920881005,230.30010877099437
1.6921293140473197,19.028228126403654,0.4699860423406359,119.92393767508814,93.27830152056751
2.477574579236995,9.347479486655336,0.41260899363295844,263.03895916191067,318.10491306405237
3.910916805609546,14.383287997184183,0.9098500111185452,145.2253314210192,321.55268999171534
3.3076426211737524,18.901347868644542,0.11964105709794055,24.538798911275144,106.72610633699621
2.3929894112872727,7.441297721615385,0.6974107175580302,281.3697834517945,82.56775767280334
4.477043815695467,16.06646347420892,0.9670549907921954,102.58723852878146,147.65812597177703
1.406710094238272,10.865537095843159,0.6041513651156577,155.36330977613528,86.35083907967339
2.398940215478918,19.017150539894896,0.9431402158297827,246.07435407666264,241.3857997417216
2.8813519814089963,19.62375718714978,0.1470320913574214,119.35176041638762,296.5572217528345
3.4644548974107336,19.275464358474643,0.47691398716674527,20.31425055667091,241.6400749971269
5.603643749054588,13.16478481654703,0.334142011865846,134.23765587760008,295.9418105625165
1.7978795840293382,18.206554462861074,0.7577388684826568,339.0570411872549,142.5201862324832
3.8425238496884755,17.979142180955915,0.983167381447522,230.3826486301824,56.11779248448105
4.350694697603275,11.148306152162323,0.33087705619982305,241.06101437152728,264.9243901157356
0.8019276826799853,17.775901163958807,0.688757141326667,226.9892931559127,129.41034734581785
4.449041537359349,7.481099251301404,0.27828786948376616,71.43817788643781,240.98622625725858
1.6084068039673949,14.751508420266688,0.6087972291144489,150.18185721271857,97.16117517145388
0.9228353544043169,9.990114884740139,0.5175392380195026,269.58738761243126,29.161438895595488
6.667755992146666,8.567369515104625,0.9748047966683834,36.39287022158413,356.33686458010703
6.776608214984636,8.00039162117972,0.6476745454268199,99.7491466162067,56.07634134708514
5.754582762756997,16.05175408641582,0.4145557348781369,99.19855993924145,354.8431368328897
2.4799894996269094,11.41837452898486,0.20268620639914003,155.09479500642766,350.8434957913546
1.1348687410414953,16.4219680298739,0.23612214586144112,351.95237799824446,284.98069930298624
4.94751467232902,7.849632430386251,0.3027852369561116,24.233414259492076,236.73284338743713
3.3609912093074086,11.098774391797935,0.3258699952062682,186.2136569826336,207.4327310401394
1.2932485264910625,14.013386800879385,0.865554452057024,64.39192084238356,310.93045479064267
3.7186499157232564,17.279401142906526,0.6051005094542724,348.47287980209813,103.90878826139617
0.7235253872489196,11.143782538116909,0.5710518202369298,40.675958197159645,167.89755528207087
6.410582613512084,15.136587893681119,0.20329198468229573,144.89275984781125,222.3609990025742
2.18206988040011,18.517710727070433,0.8741257240144915,264.9007095556236,147.6173808371473
4.806394848300883,15.00622144636996,0.7505328728876354,252.93503966185287,153.4676370184062
2.526121994581171,10.02847317179724,0.16090152571000144,151.75958064492167,118.5721956332483
3.8804421376557703,7.317210160234994,0.7370515875067918,124.40217629502584,202.55922218974843
4.053616815731318,18.311285360712088,0.5891843956083814,142.74284390048052,305.35625555742666
1.7015539609159258,7.276502341055033,0.17355281117210042,94.87517847395151,72.34868770426631
6.802300080469631,18.371121744894594,0.5124705773757908,73.71452499574113,335.46146091248545
5.538363351847245,13.876182742353755,0.5362266584170423,173.41125142364152,247.38246769561445
6.606743120167229,19.20788008066765,0.2491970861469482,96.40361842827103,295.55508335213085
6.316377777779717,17.38418206505765,0.9511283323002541,103.1987376981128,199.6724586541742
4.386349862272054,19.973143436933388,0.8649778343325958,235.77542678736597,279.8464958112388
6.492182527650259,11.559253600872232,0.7021201035961975,347.7049020802613,5.815942644868728
1.0752012633374768,16.973447756104648,0.5160660049005465,216.70575500081566,293.79857249585314
1.7738886057244438,12.225101876920148,0.4705889874260577,27.635628676322895,14.40985041164658
0.7939773779184974,13.238383063950815,0.6858761204358588,27.134517373610045,319.4789021142676
2.6146471499612183,15.15757102183881,0.590888682466215,341.5609362835582,356.11462625867296
3.026402382981633,18.357802484422404,0.15604579529369705,106.72739372033277,105.57021892146324
2.2637687065303234,19.793085099590837,0.5612523838932986,33.05204800360868,75.50436170659992
5.886793809487541,16.987554380238734,0.8257632555095555,215.057006786987,274.76544762503664
2.8188966235083304,12.430968168175339,0.5133158898372623,223.88991140620553,90.83645639037091
2.326074312967975,12.477641029601912,0.1467609197988416,232.81323042260905,310.73689555882106
4.027524540528615,16.588569920655587,0.8076503794456298,95.99732800085732,36.920490584534136
1.416007462335957,10.10410289498793,0.281227403922377,5.424735632996537,45.21791550018961
5.714280374901258,8.43616347070813,0.33275875139923494,346.4405176341554,351.515408281121
0.9845791839185103,11.610088049330095,0.2482357180890663,90.07060340310579,241.90816447893167
6.914765087903362,10.734106891503062,0.3971935583843478,242.69343741086456,304.0325135699941
5.5195910004282736,10.852005565927872,0.7810763551197715,253.68012328645673,116.43424646919496
1.7916519299721205,10.036900763648829,0.5674472735535436,218.99266273153538,242.857666077897
0.5358937613034156,7.547211465272705,0.2843931467356413,112.3337545226997,213.3328160037864
5.800499284956422,7.23236115153438,0.8900470703368367,97.3235551012996,216.53089312413798
5.094572735009511,19.840391066568408,0.8916236694563763,214.5629134902704,245.02915297404203
5.238546592266418,12.56105073856621,0.8835205825414062,310.9283324665972,206.55394315334638
5.513257253458647,11.996246413075863,0.31491659024338536,339.877408683499,154.03339057965707
0.9812902362715874,15.835414675009908,0.5061154097628893,38.02018378094899,99.05624728261631
2.830027235537772,9.837300542245835,0.9864906905267876,55.583471922581424,275.9206977978395
1.2531488869133431,19.34949539135293,0.7948112286789913,339.1603169031256,81.23180237114384
6.1101722681913575,17.222485187402178,0.12445067910300384,264.4161469721905,248.5551959094347
4.551437824379127,8.162343030059374,0.15868413213444285,316.99478311388856,83.76648333110826
2.6508371615422197,12.42855008520407,0.5175382391310995,72.74511565458819,224.49353101364895
0.9131292768591537,18.42853799830814,0.9182981852754042,210.94332772827528,268.2010978993214
2.5213850911518043,19.281516289788335,0.5848316181574428,251.70911439587303,78.51828611744757
2.613691593173856,13.076219646248306,0.5480312572308612,244.16016687546318,21.519645009209672
5.242440159197416,14.9743480597392,0.19492632996096754,146.52645702114464,47.0195737349085
4.644123563808885,9.171441299196978,0.6911020942518646,5.5267661171797435,217.55291125029814
6.266882826746123,19.885192139780695,0.839892844540203,209.27045439273047,304.9512598350391
3.5693970135526705,10.011732117984764,0.44237800675680616,90.86345256547955,16.153858823517346
1.2773625985989612,19.255513063756634,0.7980506658327947,161.64127436529762,263.560301995951
5.136091116949467,15.44540643690079,0.9680289885107305,343.77158441509044,122.53339389606872
5.445102816009833,14.90057833342517,0.2833898132149202,143.25367903363406,171.79168480110857
4.148301784201726,13.664950643214612,0.5709966680752672,301.48877679252917,333.46057839455807
5.5112866697046465,9.998707552330863,0.35842416227611795,67.68607746398116,119.17777020016852
3.70967137636854,9.294864416071608,0.8135689771304554,241.41331879098536,167.0559592842755
3.8977633909829614,9.86632071791228,0.6198340292930418,350.7454966435807,4.911986899084517
3.2790166193305725,9.42369740787531,0.6711241757952734,36.57962321338431,29.293940481736975
0.6652243238366187,17.134598156367794,0.8181227436543047,2.9868592595619323,92.83438121738746
1.2012942754564788,11.551628369167492,0.4563734253962094,155.65622255510854,9.99895445476571
0.7042897069637726,7.751954795324153,0.9235810615663389,33.25254841544082,226.6637420513221
4.636667673214572,19.598334191830546,0.579725980521526,268.66998153376704,153.07701009178248
2.543313876996123,18.489216504524535,0.2421593405518132,328.3229703216327,196.78412777935992
3.805709492570568,19.060779681537767,0.7263092063519222,155.8135292024444,62.69833973678231
6.399182080519605,19.93380169440366,0.8139352153944289,92.87747953380331,106.23959856774519
2.120399489467687,9.260638239853336,0.385085509360774,155.9507915233729,238.3129864721283
3.167488999731593,12.151146245734564,0.8714613312988777,259.7177666081504,346.5436777833135
5.411082400529816,16.85710018415319,0.9155289292891897,3.250444007353181,18.099621723193103
1.987188075695546,16.048268034699298,0.34921403864002803,211.61398222500628,319.6479711870405
1.0003694138871544,9.000646782418116,0.9851693254436998,220.1717148745691,207.10035127072385
2.3833844439394922,17.60583062487803,0.22664037524388259,228.93008063564085,202.4471244652689
1.5479383671510287,9.917727433876589,0.28181410156224096,86.88592671313492,179.59999413958596
6.543034740226725,9.909628992694099,0.2658023553142235,256.3449276927475,24.912476839601837
5.752782467168711,13.980667497614377,0.9045907390070834,32.80954359310773,32.26578977328168
4.617124417317752,14.708219152942142,0.6888632970924656,71.5380507915815,215.7274100316119
6.164493836220165,14.541120701891545,0.2368938549000456,315.011746748959,122.40412714536544
5.723868499844244,8.189328886170813,0.49629107653151405,265.20161111083735,329.29923590138736
1.712705382759233,18.406991214194946,0.6537682225628219,4.934653890072945,145.96600291205053
6.301633490184855,10.452800553653178,0.17511767649044496,89.16707747275828,51.43804367424815
4.005724572451729,8.683693976676455,0.8941747315666049,76.97192739454607,256.5840612272309
5.748361008566406,18.553725038296704,0.8232431818973817,97.21947176527316,105.31387829732253
6.324593449502706,19.423469476986796,0.5546860962189745,88.87395753047922,188.64384034076565
2.567022587317115,18.20765902445086,0.9704139537332533,22.44694017168162,250.52196999635603
1.215337509429899,17.523708971423417,0.47598488134758976,164.7596454582585,323.1948159215433
1.981578556522621,15.518145748307283,0.985699287132848,263.0513174482333,284.39663893380174
3.276200626070666,14.161145817918811,0.7011279989232644,217.81668917355967,242.81362336630795
5.817095978496205,8.130827878848333,0.6712041459285473,241.56092902671065,243.98831247985655
6.094748791166232,12.309891769919084,0.24935940576620652,29.132555094509854,339.5869472075191
0.5451888484527396,11.844950721160082,0.8937349824741796,341.58516495346663,106.20085100125644
3.8198574667541774,10.376799188884242,0.48474071912855365,301.01856834964593,0.3992418164312793
3.2131715204670632,16.404461477951607,0.24601006520423144,289.0274243399429,97.63168682395333
1.9437007680597467,13.446384556024022,0.11134676797818314,295.4511860099945,78.2230052860011
1.2791248876689383,8.053600806799423,0.6037801152745443,334.8430724196613,237.59861605592533
2.6944986141235816,9.862381625347547,0.5746596599104087,195.38717383481747,227.50246431582494
6.628913075431375,15.882363927574747,0.7474182601322427,71.9012444144777,213.05263639099584
2.600819058134909,7.989701173373902,0.901232247716022,221.42531521906227,5.831396112193879
3.8721390413318795,18.065689882633993,0.17146592617872658,266.6944562267901,261.6313215477824
5.069623232818656,13.436904851181666,0.7583468413063261,264.9123442140951,116.14741808229145
2.863592415465411,13.247625505246424,0.268670749687824,187.20019967590997,238.75510005338057
6.8165835376862445,14.70130120057373,0.8723593478414475,24.576680240754524,199.81165583227303
6.755907417123723,17.720852557026937,0.8371571624754904,133.2295448964159,123.04040222861867
2.1365849228648672,11.52151970272851,0.58671437948699,330.5552124383453,48.31287989037468
3.7321152883005055,15.814209983267826,0.7392185187609803,209.81715860291595,33.89638426011266
2.4557090138090025,14.354515531945284,0.3829151018653736,193.26116762880113,298.51508158728825
2.3514632134535396,10.471367512202477,0.5240511090395332,96.51841166320747,329.7047176072793
0.7397651578044632,18.422189822617053,0.8394732079394245,132.27316225005183,233.27390878838355
4.4621681708693295,17.366538280890065,0.5133386774558926,321.42924600598775,37.132847234913534
3.7674136509875997,15.559873850559532,0.4220184387928976,239.26023406213403,144.32777086287842
0.8346118831249307,18.057562478225144,0.5447912025252699,282.6719426040875,261.68917283775147
2.3112020175379744,18.27482461247743,0.8454243271934965,163.1100068812882,279.9556973596145
6.403728258783249,16.208718697295453,0.4016872426337855,226.2587517847607,42.440485402500805
2.0571522893353205,17.881173268727736,0.25638543382216944,89.1697155388115,0.011028065492287298
1.44181666859295,16.067129001700685,0.7408126182977027,253.26043807177157,255.6571994711372
3.6814429418041597,15.841830032883905,0.8433803914372736,153.5088787994981,128.01802717904783
6.906727951718905,15.041947916797396,0.19057373067118,158.87383981849365,91.35879805095543
2.0733592648247527,16.785316314249336,0.31588670148035025,233.10671452310052,4.630191654439633
4.868881058138211,9.061866368809959,0.22777479078489452,336.12474310734467,193.96748702737838
5.450527499636665,18.45131986958607,0.41314727042394994,22.97827843249491,305.56311401792743
2.044644035950598,18.333965860688018,0.5053158810148713,296.08282220757576,343.78976101185907
5.233406265977087,7.380214679449269,0.7739437032669758,104.96553663797732,203.10243727017084
2.890590362675146,17.735617757341913,0.6860328263935067,159.36708416778964,184.691616658622
4.609987898858266,8.675308277154787,0.658835710730588,7.866885030228215,30.535242390637556
4.617943119945815,11.356545105368845,0.417137451948689,108.07554194251838,197.04533575379332
3.98253544648593,16.665607331790902,0.8573027977762839,180.44461610421683,136.41248934857666
1.0868835053536539,9.089878648628007,0.5241584506583481,20.167211767730606,217.96156583720412
5.929466221330046,17.633571313547808,0.9811944442136391,176.3033668485563,139.55275888768026
2.585070422316283,17.817744313450646,0.6707279244661631,332.8327157601754,86.26738531868166
1.7123703175990526,13.597080538890872,0.21363826740805247,37.83616530070207,34.09253380698716
0.7650384201059655,7.083016332318836,0.7085598058678906,274.4342213791061,113.05572160741357
4.340804130723572,10.731495731273867,0.3925936138885291,147.07190816198136,34.695495509303065
4.904168351974835,15.020049938884648,0.7176944770174877,235.20736351423736,63.50600534581023
0.6078208880310649,19.755420314356506,0.16267703334616518,93.42493867669734,354.453680930057
3.828604878945326,15.213575851216689,0.2573932934583635,57.25772225234763,159.43317692947608
1.9722225387865966,10.377446553834076,0.8701635330152077,57.60607852337029,190.94196417530094
4.693623137661424,15.242074140294948,0.3044616013211634,25.30660848588893,313.6290518166603
1.6333817885324444,14.019809936306121,0.853337012718646,66.64716705954625,357.40923527615695
4.991095297666028,17.137990136964866,0.3513484796089694,238.4547592110396,209.19448731474066
3.013779750953493,8.39074830475046,0.6785937190528368,316.5269296518194,291.6781017548576
6.588744926788775,16.893362732526363,0.7247355161588479,292.2711211272271,117.37182773686642
1.3938861369489561,14.036465522789435,0.5613892778305477,245.96321724493978,109.76208072357751
2.7169312818266804,19.51889605016693,0.3747796090270582,39.64503896458586,144.57063583704712
1.237577888063829,11.44433815850292,0.2913799387339865,103.81829322024599,241.43010729984005
6.510508518810658,15.224084610741325,0.1298704191061836,111.22066824076636,244.90681644258046
6.202705796976376,19.116365371630227,0.37355176111665145,89.73454375674602,113.17095703915284
2.1766205801485112,8.33262646387883,0.6878465114781547,184.8870318357906,47.8223627650497
4.789896299222164,19.183970334073862,0.9444743366036344,192.26381954180246,227.03025607111758
5.811944301307903,15.942514389910574,0.8840840340367468,128.12206508642856,46.06898452576646
4.108805275396505,7.881881768367235,0.7894582988817723,127.01030798638052,207.6788104543295
3.942728759314042,10.912526370308612,0.8096026089279688,297.4514596482832,248.93854397221492
2.072039890852936,16.20623715238866,0.6984864131283958,283.3561325467671,251.51952720560814
1.105167990738345,7.875557819094032,0.3342581718094027,110.49870357338769,270.49648772679524
6.331902426696624,14.568215982291552,0.9164755276352469,328.0500513505001,313.3565323420736
6.352717371561648,11.496479740388438,0.7036590807152506,342.06059110389964,179.48527811535905
4.6151594722762415,15.071901730977203,0.6043965678823959,117.30057258878466,262.15945904111607
2.7036936418165545,7.594646439562667,0.19989052229213297,127.23855661670669,222.28301199633538
2.7698622349822957,18.32997847998089,0.5023499894257829,181.52266107848322,67.00373838736805
5.2187119126565555,19.65535659930616,0.5143224440817337,337.8623716995888,9.222582508117533
6.331216689691751,19.595412118713988,0.878107248570403,314.59867649808984,102.15035745801923
6.2660617577232625,16.74547381265802,0.5919833981690097,36.82189856750874,159.04910057520536
5.569191048074555,8.691121121698215,0.44236049407336875,140.9903368344384,221.5410340498876
4.67320570000287,16.857421547077294,0.9791202956595934,198.6602571201681,305.13539965065075
1.0469097724678174,7.31962991396442,0.1996485339936841,180.62455764600287,70.45221229751347
1.5505866416149896,7.287606169876964,0.4802935854807502,69.59684138934448,45.072374573553276
6.340602225426015,11.206932848944035,0.13782220765426478,308.3152208493675,345.8893011432836
4.441788887787334,13.352361475260654,0.7659137086902373,243.0217410958646,38.78799681613015
0.5597808355080927,17.015296431501312,0.9262688969792355,300.8091065717975,171.7782941684809
1.1595650286292087,15.882839895884567,0.35203359659544053,308.29637628646054,210.21737863679536
4.812761499202363,12.796735182897727,0.8725075091192088,268.65975146600056,194.35341710577035
0.5329002950004215,10.557146661661656,0.36299640741570804,157.67660584864853,30.88554437482661
1.5452523342137412,19.962618502050244,0.9196931454795237,219.1862850505374,20.47266212729935
4.06676963088281,12.540356929067649,0.7785657132371055,57.57118079698779,37.868550458511805
4.9973187850025065,12.86803131628578,0.8244160991572947,241.83870487349185,210.22597851026788
4.737748186766903,9.127109675491699,0.11620590004040905,64.35191881040178,195.41981466072127
1.9577505114936387,17.332524133749082,0.9665293213666234,249.1279029931463,83.91294434119119
5.129164938758983,16.017868935159353,0.754003892863291,82.42573971067475,228.96091692256738
2.0421190687292006,9.870004966253886,0.37427598584752,42.20091675392897,294.40423323797813
2.6150980380352404,8.070953593005955,0.8464551983729622,59.33713196132172,14.926846584927162
5.352194133267157,15.84649092697127,0.353369078573437,0.7151765436462262,178.82864973374723
4.722613843806895,15.508645785654759,0.8854784556095151,258.02752280941735,247.46243794486583
6.019952168212156,10.552373850976721,0.20132235137074334,262.9319766119581,90.57998181801766
4.774483799952232,19.361226309255336,0.7333173797147162,184.86107261886013,110.48975500024052
4.194005921680565,8.963752593151703,0.5866286289804193,57.92924557888275,220.2960071731888
1.1088859908826012,12.620352413553825,0.18688102317589672,29.99600716633762,322.3587703463015
2.8901527198863177,19.267006962178783,0.31770444543295506,6.8672989509860365,290.76286688874086
2.2238153899312154,12.456455120039589,0.11116363264958332,59.50359553051423,209.34374865675048
2.085932681964043,15.300837319633112,0.5218911689180553,319.8171370589497,262.1495966748525
6.824568605890896,12.168727173516325,0.3711387346840004,86.71172617090376,130.97126680459974
3.0551352103339426,10.564797630532711,0.6385217358679829,127.18340647098042,230.10662458745404
6.298302608651237,19.79170942347777,0.3675140269377555,37.819028928798616,167.35919121479296
4.602401068982209,12.321342082095558,0.36992720035628623,79.82770840459314,68.18707298826436
5.6662734730207145,18.62328964782875,0.768873878858443,186.40162091009364,251.92404032193534
3.767141105183749,9.98940987658412,0.14332855238051811,218.18321323133927,199.7708048082271
4.249875250071334,9.770361152326082,0.9126054956727885,88.08148078566977,128.7451479213393
3.701365009822615,7.404743077498647,0.8670374869520633,20.725845161817077,327.17076923822844
1.7690794206872893,15.471668729886506,0.7010242149037659,140.38080001673612,7.5153482997972425
5.195938749199785,11.790842468408895,0.6338994130966459,84.07901016255396,113.36256129856906
2.3250203558655627,18.236657247915282,0.903072248325687,78.8198584394989,20.420421802175113
0.65805378180445,13.151728786990244,0.266797161575843,344.59074617413046,275.18330652356417
4.695569923396591,19.58651456289138,0.17107224597174575,221.25187444733493,252.05657602685156
1.651219416145818,9.411831704140575,0.3155591529185843,199.91936109878242,118.95544652633782
6.612980798293943,18.29210118342294,0.8151204508301713,149.26326216487257,242.56298189233922
6.700535750516818,17.09575908629264,0.131203240053835,153.9910157014218,142.141464204346
6.446618536432915,17.021983980372674,0.6245261515751407,194.184896377871,271.4951111206539
2.9060315516603885,17.98218196551954,0.9958937645721789,250.0183007259625,163.05193492247747
0.6004680074376383,16.893311882258985,0.8701264844537855,252.07044852927677,148.00842229156794
6.534070656820215,15.1408641812084,0.5693011201392305,61.63811286625639,335.56803966030003
3.283196964062543,8.706183409871038,0.15727681835797813,179.5404779955091,90.06559686076139
6.783256323783852,7.422840333386275,0.8482361629471389,147.89295611724262,43.24059505876699
6.763529851080143,18.97102202160393,0.6390806573594895,312.5191808907089,209.85097766014547
6.044561460537841,15.016454088769594,0.20343969735361017,226.67939271739712,347.9865306100202
2.413917798452307,17.35498478269029,0.18447155634102058,191.16895984333746,135.64427772806002
3.0031352359125143,13.259790569663151,0.9186641374929332,41.426676542231334,22.271198142732565
6.03238836485957,8.525006456511129,0.7022802366442706,217.4240022671047,121.81059096413472
2.5599930335158048,8.627415298633156,0.84635811938508,42.0762021392038,181.62946390072148
1.6017028534596012,15.912348733976629,0.8910810102540406,121.057160628105,58.13035938096472
4.119208205979276,12.593976633693014,0.61459511684349,51.28026536834514,236.25869628228065
6.585006032045076,9.606821447104377,0.5657017165795372,248.45443928174845,358.192030654662
5.0241936783873244,13.39072910763868,0.48738466928889124,74.04450886717879,162.17447187733833
4.205397605580872,7.834716181976743,0.38525192901200733,140.67751497450132,127.34755186614633
1.1316472095099954,14.565628224887185,0.4911363647728406,321.54724516514153,143.85279589357353
4.497546973544603,10.49691425765627,0.7964916901571407,73.34958164023034,41.337478043877205
6.935350025677711,17.368268308283447,0.6417310879136184,182.3020179612017,317.0952229120143
1.4105460990374061,11.034705466006459,0.9032709609593614,150.5185263586019,148.92241033216536
3.8691427403642886,12.917861938063416,0.49904201294126893,6.506530735416974,139.03151370151804
6.20292496753171,7.151067018805309,0.6463806208468786,284.6001627726398,236.82880798204027
5.314996015402329,7.941809541329265,0.6681767977827898,24.787480366941303,158.68999811427335
5.030602316469242,12.102416233286903,0.632527446075693,170.25755253072634,232.71581530201672
5.06614654591621,13.239204851322604,0.7323703957769647,201.28350788308302,22.059218156952713
2.8366924829284086,14.800267125550949,0.3136901215373257,225.60509792463677,292.12668039627965
2.4083469877192067,10.791613523220942,0.5611273997912116,247.21875492152734,337.6409190837055
5.760847510610338,16.03476451964505,0.1938023225275129,90.92478568465471,232.90677363121955
5.765737065414675,18.181591163459657,0.44606019488033133,3.582380820383325,342.68916846031306
6.135970070770674,17.138062855613548,0.538900361759138,259.7162747854134,54.36420085881682
6.436063591617064,7.515044729528643,0.6870018335909253,192.30071916578072,171.39241202344698
3.823725592596096,13.246590314351776,0.9554779473275832,300.1662554514023,216.04861748641557
3.7598559154667974,8.364092319436274,0.6405859598935203,294.87842228134923,208.843456424206
5.6889186632840385,10.146585206212857,0.7692345245589038,302.75409423585006,144.12477869296652
4.724765550055474,19.826613712472906,0.5556394535456824,174.14898293265492,121.37230296248784
5.062784702175072,8.852442057719673,0.6706936282386982,119.77259410543476,45.52982409560035
5.672652351334657,13.485545994867628,0.16383899452039608,284.1693947303018,140.63553975185786
6.285034721814181,15.036024546135549,0.3289524227576623,162.0145865775025,58.395232622869166
2.6969685195349826,16.13204461707335,0.4256677838846249,65.85574850883299,263.63727786070643
2.941289192159636,14.275432885329884,0.5252440195058622,306.9356730225693,74.9703058425578
1.1108826089656485,7.127021016449388,0.14108387095214536,316.83899576127266,21.024944597147652
4.2588209164751305,11.243997007171895,0.22602168779798593,167.40520245432108,198.29944347638713
0.7336247796788236,13.730251364001248,0.3491328770121752,27.1762021042137,213.68747404626518
3.526387117860991,8.142264488882834,0.9743794218109456,139.22956628017832,313.0167889997015
4.0271901255992475,11.55815010571935,0.39821230639274574,288.4700197470746,207.1363988579478
2.3625181388338485,7.431640414287766,0.5338369523008742,323.7368762480961,124.02762648671701
4.3404161936985695,8.02152046301527,0.2764879414645537,73.0467145566369,288.2812654679491
0.6982516246038213,12.16000259062075,0.6497020639681914,24.043526717072478,193.96012265428416
0.7427632268698937,8.725304802559785,0.35261489396437684,314.9688126746891,28.461622182597836
5.846903644287779,14.378031027400256,0.2862933205945841,139.79637309341624,203.14035115245554
2.8412391691732086,15.963044598784455,0.5649153656013812,194.4921861720552,325.9786578063768
1.325893332237251,17.407627088418078,0.10495521924437874,347.5356265262225,142.27623255386118
3.894581190356228,9.601953175182532,0.1068976293843028,23.896737321206004,106.38096288202823
5.504958095140971,9.177273569367907,0.297161928191672,232.7461646753023,51.5055350694692
1.9028366787294806,8.359381924347204,0.13304922625073903,26.60384670437728,54.36894237479328
4.548788092823502,15.273593244067277,0.19722317871762224,134.79334531947364,155.364962878713
1.054758522459492,16.184184444329716,0.40497458440487644,288.5694217244474,213.8490568739891
0.8359311875959501,7.4106198827333465,0.8223271116218316,155.61653155927274,28.940930455887028
3.953805105192962,19.170759201167968,0.6148437790323708,357.9884650511592,337.3051234600345
4.014128290465692,7.6756266874691415,0.5614009533607748,200.70228329583017,271.09296866282534
4.643294359738342,14.036852358913915,0.3641399408873095,115.2972127963073,210.5979866638349
5.2195936691973,16.21778675286191,0.9385783474895347,79.01996599980637,297.4094828670977
6.843038516506475,18.322598608699113,0.45731353711347256,125.83687180873208,28.78704569554867
3.8559522639577697,16.283130117721562,0.17838349011619437,133.73944527967873,171.18515710619167
2.5992170741180987,17.422465079907294,0.6553598645060211,24.66821030290199,226.20343254333716
5.668710265996574,11.41285250305648,0.20245455412894126,132.67713759421156,297.48639329646585
2.2604096332034826,17.59272647870466,0.4107008285215229,166.66162858638174,281.2655720576871
3.3533142345866347,8.041493003000777,0.556670744846028,259.4628530537309,99.46786064711047
1.0099664787247287,18.63261652878686,0.8868002722166582,235.76588501505725,337.7759808717543
0.6647798322004739,14.118700889998571,0.5441919223061068,254.44687022726637,44.64015707368246
6.757214695406513,17.624871009512418,0.7320328894284979,3.002561793791698,314.1729690849936
5.933870783329338,12.8801376987379,0.9935351550991633,78.14259644941244,348.5675496080581
5.0238323396090365,15.366510037554825,0.21834020790818348,237.54465953554848,63.598114836922576
3.158194138692754,13.843234592169471,0.34725837296756756,173.75218317652923,259.22171704915894
1.6264130804604975,16.510663782819314,0.4551184680378818,1.9075377649361946,14.462501241301448
1.5168407773620594,8.061189766397664,0.47964536068494823,288.81357663302424,145.5467942249566
2.12657883806987,7.784577091877329,0.4699189677389912,277.4386368112311,185.34570441196496
4.069973320589783,10.212342042131905,0.9168499023008995,196.88247951468898,208.45163610155862
5.144873497550405,9.07408084147145,0.7426293800201708,23.860333953681693,336.00147212123284
4.791282948665253,18.333186365698623,0.6471146926816334,275.1789027821979,241.33799673861589
2.3195703301486286,9.849781835654575,0.3784354460765039,209.55317799555965,172.77878448770608
6.706624324310762,19.686248325648705,0.8414113457991652,280.72363179970733,290.67333801945426
5.296329958522495,11.379645293024389,0.9595544603364901,269.8771702701067,341.24128272263283
4.103301341324105,9.36753290395309,0.8390784542952039,288.2777438328635,7.921747376942412
4.476184850523289,17.266080592852227,0.10140859467232562,185.96489583926032,352.7251367399179
3.2274004057806343,15.563201081511389,0.6727612331650663,50.37650203147188,30.92143792386124
2.1102514317575234,13.476544313890807,0.14602184329789067,240.94553294330822,292.3648537574853
2.8138224112332004,14.219726162189206,0.3318464983003497,222.75008883365746,100.64017616595709
5.425999718018399,16.34962311753943,0.15357223031299452,266.4688942044723,47.45249713363996
0.5935576760934131,9.969911637306883,0.643415907654449,60.987281172213976,157.90817465726673
1.2544721632949556,19.952340908737646,0.7179309221433461,69.99609676420383,231.18041202169326
0.7990171731413929,19.67231110790818,0.2030388742593146,319.6570166817389,136.76171236342753
0.7647372150733058,15.454233922510179,0.44545499474048156,269.24202964429344,19.588981573488926
6.060493796071547,9.594051862078887,0.5106128580599878,326.0540274434159,215.20654913747927
5.073776085970154,15.842967151606787,0.4321477195848249,272.37880029784753,323.9627761237322
3.582129889067614,7.938579316729286,0.20892250043667376,214.37875485051836,137.57431637506335
1.1359220442315097,7.398482528675479,0.4770530111687279,234.83365259300663,77.6634671694669
3.6955031882594103,10.349877550645779,0.7760602430275763,319.1969246944636,158.88526718988072
3.577566510073677,13.014098437611112,0.16390689807992992,207.79162486978666,17.36221326651233
1.6258121544150987,18.287542570308947,0.17216201267371312,227.0284854338911,294.55504282841866
3.3200357200468247,16.453197906962004,0.41929416265238584,56.175141045292605,296.65635113111705
3.0902807735829274,16.655184775599754,0.9475531404570325,170.13771802168088,211.0921663712366
4.503025637339407,12.53141334782498,0.7017153820506227,257.1865631929575,126.76393712888182
4.628108730639685,11.497154903110518,0.7108029610053083,97.26842869557518,287.12222783603625
0.7944760635182894,11.823503918799835,0.4257279917540785,72.60925080830803,199.1326418990238
2.934981995072063,19.839444328568753,0.6342947120876846,112.66382415256518,296.50969876945584
4.568089452142536,7.521419488362272,0.10911806562496905,86.69872544942722,226.6937065373044
3.7703856807705702,18.27140944959183,0.672486441768588,77.15363669606612,281.60156488339425
6.067183967724095,14.522780311441114,0.9219582528186131,152.52145258964322,214.88411456517582
4.781508605523142,12.702000449464677,0.6513161215103372,325.91402648418875,148.67664348942418
1.559073776029293,16.428349585396774,0.8863287341197106,182.03441317919987,343.9025637134834
0.9586968581027939,13.326696238521137,0.7515757499194844,67.46341671270096,194.25986313150526
4.675725308341051,18.354502095061587,0.20850257476332124,27.632829307733793,217.2271371560533
0.6723235185205418,18.70912423214636,0.9122079765572575,249.92005610451517,79.15506254989498
4.307541278277512,12.48237204935492,0.1597994599201974,137.42475643266323,224.60863340439226
6.611496569262225,10.59876136405567,0.5805707252929874,295.03730982414396,205.20714616437684
4.240582156193213,14.70055427171371,0.2279234114141119,236.7643659420365,66.35698486298196
3.0231045203423923,18.860723493016984,0.11053594965781366,285.8506807443513,21.391767949778593
4.681373419875296,9.738608457073665,0.47983083411487515,97.6286281512231,216.9649957776028
3.478643788194858,15.098565586325275,0.3655366368887406,248.55685316351986,274.1655246967651
4.046509130553577,15.210282861202767,0.5374004444178427,94.79825250504504,187.90109216100095
6.619521257047413,16.530469291398653,0.6194798980610957,337.1255841226547,81.41137248975281
3.009667145705033,8.710379906654378,0.13936516507805263,228.45836707048142,239.28138963279955
6.747738664855443,16.305724540867153,0.21070296561137108,116.4997362629478,28.757955852847207
6.384779172714414,18.817422768653334,0.6027781568053828,96.75475856292587,158.6183000239017
1.7726423761304269,9.335880415313145,0.40885061785539245,68.54264404072002,58.648666265032844
0.9508484556885755,10.088063224010408,0.7562561387945032,249.37610424284827,66.22079933049812
1.1550570089532732,19.628136222541315,0.6870624837327457,78.5189050662559,72.62352774779511
0.6184418667350733,9.352700385223367,0.8610439266909161,213.71387246796857,138.82783347878808
1.1138792449135346,18.107006213804528,0.7232435440023027,95.00397466620329,18.36292381772275
4.93954402720632,13.399612133824451,0.48693796965113334,237.64685118099882,142.80784529354625
0.9627262149914884,10.214003967241302,0.7056699601549892,292.56336254605355,183.70297351417761
2.5733415969094486,18.319748716542648,0.3478430568298767,279.3110622889305,173.50264830291076
5.9916895213014545,12.788968315034651,0.3756821489003914,273.14562780415065,137.41949204469157
0.6512675822828682,13.692625601085972,0.810086643928714,67.39234364351849,301.25363229740015
5.794045136828083,11.670033802196954,0.501777564761424,31.730195967442217,52.172282578960974
2.3320560360270997,14.708361068654057,0.8185423064665173,250.92262942697144,181.54513101751326
1.2680713795407657,9.125810343605295,0.8401801363014506,132.23664975217213,22.272868687402994
5.028791574866979,12.08405997647289,0.8718061038951553,155.2122952788017,25.5448887171696
4.588128504069246,19.602360190358738,0.9249717122570866,11.182524312827391,206.01784003407758
6.203568087925844,10.355734625114657,0.48788669846196664,93.18794528974266,203.20061453472772
5.277961784725258,15.537576639036798,0.38698013648902496,12.089828990932585,315.21403111116007
5.722626047501516,11.227470834921032,0.6239788719347025,315.6276923638479,200.27664956196628
2.333224721713492,17.05515063392581,0.4340551810938649,87.37940927545245,344.5649763253412
1.6533570345681983,8.701357589338548,0.6409667501202096,200.0840438767099,17.481450575574787
5.378995885665579,19.60767358602108,0.7350272763794421,13.993576117345818,35.18475883628604
5.744425805237216,12.89926403798731,0.7195645166429232,239.39821347873124,15.81964430376692
6.938283423004377,10.068656023504031,0.43709759831810924,115.9668171257197,66.51438926974087
3.182014899924272,7.955457715290165,0.25017418152887755,322.35298811780206,194.31596982806244
2.9181175576530904,9.206852766138029,0.48747640461598685,318.83442982731884,231.76041313244664
5.54668424482298,13.757061331228229,0.22833472967371787,116.77933199186745,16.3650717035721
2.715223011644616,11.381041293606721,0.9010873316654275,323.444961552878,339.60354945457016
6.549922616423171,17.775483756473925,0.4112897146640717,357.6206047860616,302.3373702174868
6.079682886979577,12.601537807603478,0.23901377250099143,296.32422342049733,106.48388109439644
3.288461177937619,10.23328554363919,0.12290298391517579,303.3088138441272,27.710323351301998
5.380661940644733,15.02288482585239,0.6812401476578358,89.39413626316328,60.98945928564156
5.404528681550436,16.188103819510793,0.6732120857092689,207.03616118993452,45.57304453803519
1.170305147433562,9.171544802712347,0.40654374992316256,24.14487311428506,44.25887676832192
6.366593893417184,9.17904981174813,0.1645406999628859,34.07553931897942,186.1636462309985
3.7841404209110716,7.476728550136059,0.4686660054057088,358.60244771995133,88.25923185513071
5.871973529700321,16.573226195853326,0.3800957455570543,117.26349054390202,128.57215823396285
2.5803224066989765,15.629458859083465,0.7094085757615084,268.59802442553587,355.2324146849718
6.320900985225303,13.17020138474758,0.6452013245074213,289.5927540366271,245.66881536419876
3.0298109117720604,17.974215836599562,0.428134355377786,308.0303542915953,340.6840594698735
0.5704447346219393,17.473711988350694,0.2961032988294911,358.1485587673742,51.177803256888495
6.384982846725213,14.609606737157778,0.9892323695400327,86.69723820721556,137.18807146489237
1.0933633991098681,18.28752664667236,0.5086014590765034,14.485946842632195,199.14871737836518
2.575538644337697,9.675935730477988,0.7194468122022133,147.61775496005637,27.556144218056946
6.675402785830232,8.454955052170462,0.22649767082052472,46.698960468591956,1.5032922624368736
6.678946455094115,10.506744949720865,0.537030729693458,8.05089420917779,240.6859258330934
4.227346272801359,7.742129129161093,0.12478304788251894,129.39323094379353,230.41320653171528
4.606941879103696,13.905203864013416,0.554909606119405,281.3620321360099,147.47318278986063
3.4148958928590787,19.1758739998345,0.9676156664059321,203.25886814980043,175.7822232954997
2.4058700160374196,7.511466028690625,0.44578604168722025,112.2872981265171,149.14403721256016
2.636319544904454,8.587428882130348,0.13509641131742045,234.90877997188636,8.6178110993151
4.87136996450075,12.87858736768466,0.12786021182740917,83.29452673086304,120.39840663206901
5.390434441344921,19.140375227862762,0.44918808395218257,5.162939139878524,63.57252968762705
5.645263784218016,11.110029364697755,0.24402244281687466,274.40286573067743,35.33428388739138
5.6325179281646,13.594052512949101,0.12101688669536732,223.92376746617927,343.4626357662766
1.0928396698164873,7.540447167655097,0.7805922525551592,273.66664219584464,215.17014129013745
3.7137319805667794,8.928461612507155,0.5126707079937016,13.978747990871954,261.5876060409404
0.8741319401081878,19.82619159846501,0.36032029477538907,300.5259463912041,113.21558383253618
4.071937735104282,19.546543053668593,0.9100748647148327,222.40990581303288,141.13981948835146
3.3699482589269505,7.064219752147325,0.20452506418047306,202.25893090583781,85.05571380892373
6.2700771879289485,19.373553210502106,0.9603269460597873,224.23644327311683,34.81067587658748
2.7809475815885114,15.308559191601505,0.3825700456396176,310.33153562574273,64.27235784152857
1.2609356067794382,18.28293782876029,0.8995633050778131,210.71020585464763,286.3075422614384
1.429445933343433,12.911618123240167,0.6426485888315154,208.56118637985637,243.2389440609755
5.449819106163569,13.702748371530253,0.8440366237673387,355.65381738660994,196.3474664787862
4.5184174115556965,13.355005543339963,0.9856118468894178,271.6661299776159,170.55726435916975
1.1572973947981366,15.669235348099356,0.3595648940368712,158.78347615695756,331.15390783254867
1.0466942397474832,8.815466311832068,0.9650219368668337,253.95552301182104,26.111846252541955
5.05629935448428,7.389656668344814,0.4505337054121783,139.73373933735206,100.73569195241183
0.9729595413672579,11.003089240685481,0.44696071426323014,82.16629103157614,125.62768943188634
5.842090385387316,16.160849915576406,0.4063483938290552,214.26982380270564,280.89086658439084
5.090574476517225,9.624094877598328,0.5872668466128267,333.2173732229086,356.3127486381477
1.0287670741723485,15.754621633223925,0.23873053886063839,333.5610876855511,86.40071479781795
1.0514451415537476,19.608856599394514,0.5983403368222101,122.74399483987102,313.8763329552119
6.91315726025764,8.220709305262439,0.5875343311690037,189.4362103735885,298.1935709950131
2.932760172414782,15.743827536926641,0.785711631344383,75.97728758658018,80.65200575339422
2.909173955934791,12.768752850959425,0.850284965743827,357.4315683100992,143.3603962915209
5.783197187173767,18.285849306907572,0.49639721528118164,352.22132892458893,147.07256007601435
6.6571157529950815,9.302947262816016,0.37209992441634443,233.1737057649736,351.18122000103443
6.909006914848661,16.004137378940136,0.33340140758538506,288.78464742421295,64.9401925950245
5.396958204183121,17.895498765425433,0.2751614530343848,256.7209579008483,286.89771162661674
2.9456873059509525,19.279984853162304,0.1518828239791224,212.94380063516908,119.97518438814646
1.042754658541347,15.882224367765396,0.408203180951242,19.151930919014273,262.3824541336416
5.5514549535283395,13.463271932109555,0.34322292291770495,163.26039897640533,150.78395054214297
4.129627623282733,15.03201412261578,0.9697756472797666,242.24828247810038,207.63115495883787
3.257443060105346,18.29576479822334,0.6019379436250395,243.2338493842428,298.90762662408105
6.391303503115784,14.417926706304787,0.41254933512745684,133.9510200136357,288.6954378292144
1.2227836349899837,7.395031776058879,0.6224208408943264,338.06742321023296,311.04592289075237
3.7020631778905844,19.10233304159071,0.22527703121112597,60.08117457300438,21.402619798732587
0.573798690988224,15.963847763410294,0.4996393742819827,179.62904119138625,248.4461485412684
3.546294172961821,15.794674015104205,0.6636108892789574,248.02734758174537,50.25546824311287
0.8659712919319428,9.803776981170323,0.5400080486132063,250.2717543151595,149.27886591860954
1.2723164557424675,15.565511113024543,0.4616009205888918,232.86138548000477,196.94324100463317
1.2639206040511817,12.12023727350406,0.9944635500097283,98.8284686292178,144.58347502411223
4.719866963754413,15.466028701539397,0.8922832859340343,56.07815815849729,186.5405916132797
5.3492917152252515,8.385709394003879,0.6610653623434961,228.3025773307892,357.75294485870427
4.2918969731315375,15.551988959839468,0.6124396250640545,215.14945969405815,48.543015622914844
6.754121565084523,19.992378435018665,0.6585944318421256,64.3888076938375,242.48872027577679
2.9366587669040762,7.626756505187228,0.28118089704018995,253.14495325983225,142.16434693243588
2.357128560832095,19.703264394877124,0.4556239689378868,163.40674503238264,47.75051780773103
6.1458943332314915,12.289803489397318,0.1355135796018094,239.72605238553191,56.98649805137712
1.953372950376442,18.31979485438437,0.5279914337381441,300.6147816374841,340.78904514217646
6.7609465063639735,17.171011292757555,0.5887221255618968,60.932505859115416,315.7769373195226
0.5790040854838062,14.37121139282668,0.30497476249288863,6.873007610864367,325.62806378899285
6.804212373599654,16.599839720267244,0.9676259624489624,279.69782851608744,355.96026652203176
0.7805394276787447,18.420702296917522,0.9185091498435178,218.88137562978912,74.78522501305794
6.292430239037462,12.253824181463429,0.7499289119103153,251.1706054943417,127.60272211369816
3.930057209060949,11.251431100322103,0.5800479658888263,300.8976360209227,240.24963174302715
6.954271174775452,15.678714012326601,0.8829722436829165,288.20912560199565,173.68511180997237
0.9796776707800926,17.50199724523636,0.21758710944111664,344.970332747448,150.20184248282172
4.100052848608585,16.909706752096007,0.8114588148473965,192.40069330791044,128.4542385114779
6.800466481524143,17.371577435162248,0.21233873257016347,175.36993212490603,213.16724686769933
3.9001359871059673,12.662583092568129,0.8147895962944649,144.2775047607721,206.63804088178944
4.591091147879206,17.631844810275282,0.34819081142622127,55.17508438106943,57.96336242906219
5.022366478400012,8.56271771981791,0.8893815229163701,205.56599660464605,169.35460166911963
3.454516920990526,14.078358273491045,0.949637884442858,99.44749623302638,198.69636765933612
4.579127520546413,7.0748625864755805,0.2339163724646041,330.7493968844582,204.7330110045692
4.298043027500151,11.219615788703514,0.5164080445588541,209.36549873547804,75.42848225553429
6.357527068191429,11.763999953328172,0.9828886403464165,212.82962480241156,266.47542981857094
0.7954014722194762,12.15024499092032,0.5350666923758319,127.4179532548466,9.046475040764
2.326260732349497,16.041073686968208,0.8771927702630906,18.664177359996987,127.3846361399954
6.677674646497632,12.051255316514496,0.6298583699181879,11.396011768902914,280.09634082429244
6.286714595290956,12.833017094092899,0.4377969171276417,151.97731675099791,202.43755865888943
3.461768893107134,10.088073701366257,0.35720519997328315,30.35897073690839,93.75731327139883
4.530861885709989,11.85227329118142,0.2829007819774786,217.85805703890995,249.48816984415413
2.3029776893773626,9.95450515442097,0.7856183722399275,316.26930902463704,203.69334895203033
1.7227875382044484,7.951547008989767,0.4478864561407251,316.96641913022125,285.851455794843
3.514039632109884,14.844831713957912,0.560147915980676,236.59730223747144,263.8740418421466
2.796789482169343,15.686766381215211,0.5430929320010638,75.83222749878223,219.02874401100823
4.293764727030668,15.053374498124988,0.6195511263098181,309.81586245783507,175.25578543658224
1.0052751402724014,13.025422569407441,0.879019431062097,318.1075432774417,47.8123831146409
6.833566249830082,11.937215142329988,0.9826654092250865,70.59863699811217,93.81855342085277
6.910369839117418,18.223337444433728,0.46682578771643524,264.73596479167315,150.4567107772336
5.038051141128343,13.748063206770833,0.8447670298956728,102.86051806483714,215.14844403529355
3.9846263812367826,13.229364409186502,0.7880750151892458,288.14787213470174,184.42112002229442
2.51192950586113,7.333346855483664,0.6161760563100159,358.0084060653934,103.45824481947108
5.789667628095167,11.436221759140032,0.9604424292507397,10.77933591325202,2.3207044465060878
4.950752621600215,11.94254304421614,0.2804270639755625,322.15434581894453,178.1498806623922
1.5570101057417935,12.184696151659706,0.19833778927865928,223.52436156191825,102.53972989384526
6.4210266992099765,14.54224079995532,0.8685657702598799,349.44436028017077,263.7243799550821
5.8464920790005985,13.93683310744942,0.49523483497037346,166.93841679198752,8.596709232103573
6.673699436397507,14.90276620631478,0.8622719687863544,304.2122670751232,209.95318425877892
5.21717680452434,16.943482400047667,0.9037811846758734,22.399470626781525,337.9892512646775
4.487198773582634,17.568814603309214,0.1562118342571643,120.36517897810816,62.61292689302832
3.2185797358890227,16.335599990944427,0.8951182866874546,24.058937052684378,169.32216717946375
6.562735141801086,19.421808047414153,0.50348714983248,350.1481849189863,32.820495062352606
6.129415281752654,7.237023574792701,0.559389240103809,293.2936327105894,224.6198065018256
0.7939213556902311,9.545113813886099,0.6639332599838892,306.0645242273034,197.64087333404498
0.6713853342321381,7.0983173747158474,0.9337443460570781,336.729518084768,146.24422319240682
2.9470118847073223,15.41717128400984,0.11720448498678764,30.552151517002944,187.17435070907308
5.768596650081914,18.674397136349832,0.5291591214860354,138.42953571228668,321.87030239037466
6.917294840547139,10.165269855491891,0.7189498381875046,25.501525166796764,70.46965452967306
1.4777097921729332,19.051449082351986,0.7504362619284056,75.67472345646027,8.100659702219657
4.361849649788878,7.783476073764291,0.7232791883833972,82.34231395652438,309.33769360697727
2.97579056810164,19.147668348471687,0.2209916164673097,168.40948876608076,207.18503257725843
6.804443585794921,11.571094934115248,0.3694560295345132,96.4138181158577,319.7463855108014
5.973773000382106,8.318470769839815,0.42284397287531217,36.25114034757623,214.30333520532895
5.949136580622396,13.316332869422233,0.8239934869115545,60.12930098478466,290.8478312955332
3.546505538667307,10.338095380366603,0.35088388517309776,52.871927315200644,154.2527374444981
3.1963267651948235,10.703347725504997,0.2896344674804828,349.33457045051506,269.1997153324885
2.2771459675495906,10.994769544041725,0.9617032171342865,272.586009983732,327.7818866134583
0.8664407282310262,17.439336671824627,0.10797695660212202,347.4263660317728,205.39214397627205
6.120695445657846,14.009096596778308,0.9980387701137804,157.86683465633917,64.90186905189425
5.783856559345504,11.047000089028048,0.7091391689716561,99.93428491689372,96.49834379584114
6.998164876359849,14.934339183041939,0.8456223695042053,286.587257798098,71.31340310616868
6.978139440980385,16.309958764901516,0.36515745671157385,117.1251565767717,88.62167290686811
4.110306086417078,10.544112009535938,0.11288374990035399,107.47863116022003,110.00314631702206
5.498418198673319,12.37613831982957,0.764082566705377,83.4696512026114,199.29302944439468
6.640977244235782,8.584519213380318,0.8507301373006082,46.55475318250049,211.08899497751597
6.022708039403175,9.354941543950844,0.7664285187581672,92.07023890501898,153.11340925982813
2.107762661330785,15.854532101544777,0.22856525857075474,127.55978970212568,220.93605995567992
3.4285368795156077,9.35869852004315,0.7780851300312722,241.9639207243172,29.285398294480366
1.3395361984847174,13.827123987671783,0.7920305038968769,22.460778356783116,31.51597710387943
6.701331677181695,16.217601402391622,0.6926864641030493,75.57199133985812,61.686776268399385
4.4401351239307205,8.38940000023167,0.7895043395160276,290.43948686471185,185.98982179648377
1.9861782357725077,14.375058855175746,0.861329295709959,52.744970566573706,76.82408965269457
4.866054448638069,10.33531618811773,0.6522437028137126,123.00960760158523,101.69910085383526
4.517833562976323,19.518049378088538,0.17974424257271115,310.4125529470723,143.71230818610488
2.8280576672134634,13.286093407359022,0.5388650287004898,55.61818670049591,291.45993851972634
1.2381243492975886,17.477903147077058,0.16988440120444456,29.702523986930174,4.9765067927167825
4.865225771353197,14.152945048031402,0.4667887279291878,173.94914023372388,233.12699646494744
3.8820000558746566,7.564362927112649,0.4663958402130649,108.56860454899456,240.12667464360604
5.520069546281656,15.23096788272229,0.15940885972621743,202.26360284970363,286.71742514803253
3.881062757227957,19.368243448686542,0.41393848057253135,288.56595568356755,334.85830512265244
6.039179752070511,14.820953661902305,0.19989828891218336,49.2363072468348,7.229487772795048
4.087394452034156,17.649455172548272,0.8274116890083,208.4709713549883,55.20835027924461
4.146096814980011,18.494684023529302,0.9529192233680237,181.47764497996116,318.1354945661015
6.198248417279243,9.965037035336122,0.16508482773214475,51.72428417873864,164.60816382513852
3.122638630380581,9.756582918806947,0.9596036865625313,224.0154563049047,202.6880393771134
1.3710989849291648,14.942752855062892,0.5703189394030707,98.23691001201702,238.02676613660992
0.6870873960367033,12.34337010748716,0.3696091101584865,175.13252035730048,243.78491101393382
5.408392161878523,17.918196937267364,0.16917586774854715,29.535764415465216,334.49480479062646
4.53201208379752,18.700300604174146,0.550561841263376,164.99067653969067,357.9048408507894
5.076518492644953,11.594477930935335,0.8150639900416738,110.0203850273725,258.53652847420756
1.8842670498079197,10.079317266668266,0.7363778295400283,295.23485481554223,103.11241410464915
1.3864145913140034,17.146831698170203,0.1452034103175764,20.45536299205521,315.83111242366937
0.5945403268412326,10.572478462125769,0.16561165183111315,150.28001169568046,17.670308320133415
2.77881913224288,17.69398614067782,0.46258595436937344,164.57688126318624,82.95802618194413
4.334464964555115,12.508597297433916,0.36576144464314897,260.27718139138364,322.16147256947363
3.04958629314826,15.678148690789117,0.3091458907504431,206.16923945738574,91.97275368372843
3.343586993154239,8.241959079850686,0.3529040490178422,239.529229052711,79.2137304042077
6.3770315142093645,15.110171220795449,0.8231344689671961,278.96069354898043,49.58698023734876
2.7636605356514523,12.872979823583979,0.9363052482686685,309.5308675432898,308.42112099524303
3.84093167953877,14.625910021281165,0.4645924250748098,112.6813033233669,179.52091504960012
5.59374458281743,9.184184700683225,0.9154999019192473,193.15015122564117,242.28665989644156
3.077528085088256,16.579358684274368,0.3893461311230938,301.59880015967275,85.82483188293565
4.543563551481178,18.21636200806197,0.5287932877094125,355.2129560164553,272.1365111430267
6.105364106853844,9.817617401180083,0.3034260980343998,319.33743266471095,272.84199064139335
6.671884053774674,8.244289221762102,0.6764284379582596,133.35674728215128,112.22269094207975
1.4559776260387465,7.307301618602374,0.981083003657328,70.0647796814955,147.43506525069154
6.522819563549714,15.345629505762458,0.6431437864390408,175.69192092896535,75.2788095974421
3.6987559050169985,14.892222469154149,0.42203267570219405,266.24928120913916,350.58540737292265
2.178588523943229,14.107066365282911,0.6830357013914755,176.83229640043385,231.77132516396978
3.4843824155486987,10.01531224950768,0.2106286106188488,173.46192992960698,335.5012531768701
6.870211739355601,12.081777946771691,0.8997931722388588,300.92472116836643,108.9154101628588
3.7020176109536522,14.72819235742025,0.5527755557018528,129.7439566851199,280.6988377658834
2.6368854668688035,13.457969165169203,0.5044147678356778,308.66628825738076,274.94325315462237
4.6171055530587175,19.841211762793534,0.6272783096081672,146.04292354166876,248.30437902008842
2.060946522058255,8.77371678323753,0.6623054765104622,117.83568493852385,346.6643921207814
0.9931116327063154,16.03687920261872,0.16459822560386173,162.98237812069195,141.28636566216727
1.3377181924192199,12.256143985355799,0.7143554991010621,273.71845816427776,46.92751916872287
1.3322979532255208,12.566594994032993,0.31773851228397665,45.23472800317395,241.1434804686178
1.4873675078299133,16.32877095355629,0.7425573692559309,70.51449849805424,261.82221837131704
1.402376622221166,16.001669967216806,0.8402813149457771,341.56869241305003,206.44674587171446
4.665685841220895,19.886327918128448,0.8235626567972683,63.001494229907294,74.24762363488927
1.6822205485944415,8.669125762903628,0.5972508706671003,203.81410713724858,181.09968305929857
2.7468373416051106,8.353425441994162,0.568152903079676,207.9738935316357,112.07611542831745
6.329124664389077,16.416404622673635,0.22858836520547055,175.7751818760379,153.46048361184137
3.58075066170867,14.519029921083318,0.797811535362822,231.46354423907786,231.63346872823433
4.8391253003866765,10.564088665277476,0.3442684424020429,82.50779456134501,267.5320926260096
1.620079162810594,8.032451796856826,0.5470258805361519,198.4057541318526,83.36866403358218
1.74987862225636,8.113557244753597,0.355846683634765,133.6101986336361,145.51180447225624
0.7656460057321126,18.62448137063354,0.22044552669972384,237.53854620687886,96.62900398599487
1.5980779099690696,9.494275221343658,0.666601927202563,50.699252070960654,71.30874937641101
2.310837203707731,11.20383030750177,0.14889883134061346,204.94499264537197,281.236011978506
1.6505681477988543,9.946533228950845,0.77378071071358,66.51205758261321,326.42171730288027
1.0765664694208614,11.614951975815185,0.385828115735005,100.03285965829807,132.91335466076305
1.2841331621539052,7.902509955699214,0.1001212237040368,78.51681831616638,269.7091338501823
3.4950619922127175,13.747777281807515,0.5600162253135068,65.63876297290534,322.0213088818236
1.8411691696376513,7.878963326698794,0.14216671767484282,296.43023161027946,303.75859158035314
2.8677540968124906,17.404634601690702,0.34855260203880956,102.56901679025962,65.6300064855821
3.7722122605565698,10.03825706483563,0.7362788387101445,332.8374376893373,343.3087854632967
4.987566386090874,14.020154889858638,0.15642065945967928,348.2036225989235,135.22684211417703
0.7555289089671431,18.441028138298957,0.8554046431204021,205.08250870741796,121.78739736140724
5.696167592908777,15.461405797613525,0.10343793039272481,51.33740303699578,22.41284649272314
4.5813525316909,13.92845122516736,0.322141482281712,134.46281937326967,174.536341823653
1.0314337076676674,11.216338790499883,0.7668136505368643,286.38588254200886,39.13588801509341
6.178261056694052,11.329024869756573,0.3846431347563761,131.8932716022483,89.22579571294592
6.485670603456786,15.703330417576472,0.19170314925941218,31.23918137070116,113.78240121445401
0.8970067390566143,19.92381169587518,0.4242105269203851,199.88578302321946,290.36865013351456
2.2997047129568244,15.603909468041921,0.343353957746073,303.3983856870765,314.30042549212686
5.740308318654899,14.251184425810324,0.8584407119444994,285.7375729845174,108.58540796866761
5.36368798749378,16.4984566331102,0.38201312582662883,62.86920730679681,308.272625526802
1.6993866258164525,13.047672959688336,0.8100392245984065,241.52249657407555,307.745906515755
1.860770601688617,7.781850453810208,0.9026849303296612,79.16103057339731,274.5096911881696
2.908068668143983,14.309858606412828,0.49043567761887663,78.33650490422983,52.66354593145017
3.6493994037416386,19.449128698569943,0.9189488294689528,313.79176661656146,247.82590203736171
4.518656014946924,9.278938250649576,0.43958624856687356,89.63115403374263,339.26363918442416
2.897938657203521,15.970063580668654,0.9676705748410973,94.50579739996601,245.0320318774094
3.5064756548654614,9.612137952567734,0.18036057207301565,0.2345672833065402,119.0504488297124
5.358561097869417,13.965759898150058,0.7183173398529185,312.5701832510608,179.70797495766843
0.7384408187888863,8.256793845407355,0.5444326364112358,284.54153794207934,231.81529056302824
2.140840138236135,12.854822171356407,0.44888392491008233,225.2110876975534,183.29477673353279
5.136772308249591,16.8301232756382,0.6694406908737408,269.3454092540444,43.06310608141816
6.318844444966795,11.518429815106767,0.733471382470898,54.585435705392555,112.03099203007541
3.8259033737518298,15.643852418333834,0.10392694268527819,164.53817045693958,288.0601749687541
3.9587376542245516,17.34084949026648,0.2502577798724789,126.08776005821234,309.24907854829075
1.1966180737085443,19.053311653232885,0.7417414455708868,33.66577292626892,49.29071174488971
3.4081803843524554,10.050347064120896,0.6997468722203858,174.52084419215774,341.90684411114216
3.9620122319576505,12.191106905521007,0.9694427546158095,330.5455344730061,118.04731980765075
2.0760582736257427,8.981408173295426,0.7849340112257047,14.381223739199319,237.77063220432848
2.250081001170976,19.902285528058876,0.9556954369582042,104.634467944272,269.9052273984485
2.9523470601800472,19.05101258301584,0.7322864513813263,74.50719609784754,291.48869823500013
0.6304627855552214,14.019442693647274,0.3682469877754988,85.49464866598498,339.5241430991089
2.5935145762906586,17.946432826893478,0.19482843002577083,326.12800412469574,112.33811774234731
1.8744120454775401,13.772453704536549,0.803641477010442,168.03679047011016,308.2038171840081
2.6287327891564454,15.106613944035876,0.6797342993283243,167.40148924539494,47.275598333598325
1.278453856825133,8.158617617508217,0.14336741115396662,273.04665564144636,253.1096853809398
6.288427324809318,16.818515466458503,0.42404541931088047,55.462701237768364,266.37000489552094
4.358350948101316,8.660275287258052,0.9611198339358575,174.92826212191824,243.30264359127403
4.9141650744391825,17.73887919328287,0.5503610311391811,154.36469186946044,90.58099027251993
5.6296130509476985,17.16636513971502,0.48945622241773423,214.29093790624955,313.422489778458
3.739874293038872,16.213681070658694,0.5119296446433645,358.84121546690744,60.620188349971805
1.064981872568254,7.470084946821908,0.2879944516046474,276.2321529754549,19.25489015597827
3.9911925218205604,10.940668627289272,0.4318364537783157,142.83378738325635,257.5699316296765
4.314467267135715,10.420463408840957,0.432831930388459,297.09154576638286,170.6957817685514
5.345356582198145,11.681773297129748,0.14711951816872518,61.284302429180386,304.8261891651647
3.305787050492916,8.139355707929901,0.7908108656661265,10.936463384916685,137.63957363991497
1.3292719681711644,19.180451699403818,0.47485398871349105,73.39696571467402,60.4120132742689
2.344543387691709,14.199429129260892,0.839961898134781,122.20774864501922,300.28274709668324
2.860034926591128,10.971816038554305,0.8653132010079059,183.298491927982,197.05855775878572
4.698462068655408,12.160759721965684,0.2907946492287923,220.83136145429074,67.9212894681374
4.210058980347927,12.813633026562863,0.6916181339531157,326.9074524799774,258.61785549253403
2.8146287183360004,14.807726333688024,0.5250536237466835,183.0375894286143,183.48979621773069
6.912349117154368,13.70383256005447,0.8921410641293366,179.95795642063683,216.9483606242748
4.437536325819766,18.952095651787424,0.2941666112588087,18.037240526450585,165.4625034161629
2.0419741462839642,13.460525277775794,0.7100318802790397,12.533247403584348,297.5065251906643
1.1615860720326243,19.898054192703064,0.6469769100274503,197.86642632797756,297.8130149302149
1.4935844046981581,18.068524450686244,0.36577132981464955,157.30612215615568,254.67058703495465
2.0987252344993026,9.710636686645366,0.22294081328605536,301.2657617979272,37.83909448532995
1.5444289261871118,19.09773779037091,0.6864757844295489,57.68397091155242,301.1485364235607
1.7126856563334876,8.512763172511189,0.7647377123190976,8.964826700020806,240.8936600113146
2.353118596510006,17.62684621038549,0.38406460938701503,161.2049176869152,250.23167559554352
1.6269283694159062,11.94810281519554,0.6803493436200824,85.25480187406043,130.31083970498992
6.328975260071764,18.413666165785905,0.45561781685035296,17.811560028642642,315.6613606603654
1.0215193468006745,18.284736971396853,0.7418861949543559,260.1307849782988,260.40840448431385
3.9093240322066554,17.477030201529075,0.2792937474046478,40.06188698465184,40.419977483980816
3.1675793754328,17.2703956719918,0.9011935023725569,218.38670050279003,146.3923143518124
6.885461009905941,10.960828808274531,0.3586686368190217,100.89686030991321,318.21054994369086
1.2282528640923402,8.051950679666279,0.4310073889805376,62.285082077452905,16.94361590935906
3.0860613937973205,12.238742323947099,0.15228275687231482,136.33079672803498,345.14856645149575
6.801557816289898,9.255818694824612,0.20036099108914876,287.71903366404035,243.81936202672304
6.125796318310872,16.034364155732,0.5642757124410953,140.7615941087416,226.6639759739722
5.81096846117032,11.499296444991213,0.34083340905517434,269.526304066769,97.13077307918891
2.1763683757921086,19.68293261117889,0.8519322031679749,45.049580550895094,89.31625215736457
1.6107693180354279,15.332637005489316,0.11322404978945846,277.4249396597634,338.1989007964058
4.846180929508801,17.69224732724669,0.44118464380474254,85.05906364148686,107.07981107005007
6.540943929329307,8.722820745644029,0.40361099209218343,243.18413363010532,278.4064015221208
4.118958804590544,18.206188269544093,0.11739486782584094,203.1155781879177,141.13072555634142
4.215482481554349,18.995843476674125,0.2119315591004592,333.5629534789958,49.99221141170873
2.319864108791847,13.331804944646166,0.47227840742677174,139.04878395313773,3.846791872633863
5.50170406574759,14.881288190762707,0.543578126002702,23.75330279156412,195.38838398847503
1.715784365623902,16.94252741173894,0.4638607725293822,6.8768193128997925,350.3045958590668
2.603915036627584,9.272902154385363,0.5778439105708845,296.84222338921836,132.5198935775044
3.265336851006709,13.533358994024752,0.6356185074151134,188.38009392045416,128.2320479035031
3.7994674614489576,12.182619361040071,0.10893143901505208,278.3126146087468,123.52889080794971
2.0756632606980214,8.902861898109238,0.5176856435081535,84.15879040413377,186.87523759244417
1.246439360804823,11.77794748978991,0.9671493167988294,123.88506463925091,158.19869314932137
4.469030275870612,7.886240022011417,0.5671290521165938,10.807290123863499,315.8893509949982
2.3760985960616625,7.3355547903433305,0.7097880407130579,345.17574452210624,181.481964228733
4.27804843924698,8.757161759012696,0.38067747212519487,239.76457850559203,182.2850639096962
1.503357649282315,19.52049645065926,0.7965922403374863,335.02062650559094,49.67540250467982
3.6274106620563136,14.14388396663522,0.7956293336885035,95.31321026703696,352.80349518682857
3.961831311585308,19.555688094991858,0.5691664428887251,219.51543643001224,89.74026782190985
0.8368529893457749,12.622472418291716,0.9784124409512922,243.58148861705698,26.33770021799736
2.6879278082604836,11.053609730108374,0.21299519328638805,114.00034239247425,238.06950338209995
1.3736954001033326,13.579844216923174,0.1152528984006229,304.4712153706112,213.73652688631728
0.9119373080729903,12.713651952227831,0.7931423905813864,340.03096518118895,149.03728978339572
6.934741510534644,8.373640895402671,0.8264399836283943,317.66298725286555,151.56701196316342
2.595299992335699,15.33074209097268,0.20818650620851864,265.32504436223473,281.8379476556688
5.764183898055126,9.808496372624795,0.3390245496627455,99.6098200212585,70.26083779577401
2.155164255964465,15.054643413671785,0.11579712702996603,101.1001591159218,294.4709415012154
4.92976769445554,15.452614201175994,0.3639777497025083,345.8463550401276,232.90021388831153
5.441481089282963,8.976323090672425,0.7958276865268044,3.692134040913438,150.41014878684925
4.371651813950988,7.797545152438686,0.566164474941321,257.0619403939299,164.43227335360882
3.5652452255760294,17.149900618889717,0.41328603385145934,253.54237235733913,92.13634737980838
3.1769659419572456,12.977405509001162,0.43456536541569724,223.54554520097727,270.00904543821395
2.7676437325294696,7.756129341571185,0.10121826314392135,355.4490757451848,184.12203248759113
6.541939437610868,19.933262123206973,0.3698204748087123,111.96471743917736,115.18678084719384
5.899026150620239,7.7511472929527665,0.6818128674741374,122.04989910177609,213.98199155818114
6.7726749193323315,16.035457975161194,0.9767749994347213,28.339245657813443,357.468668286425
1.3079319526560407,19.787826028424377,0.8623547442855095,158.96453101920176,156.25915839670282
5.250638588823688,10.109341354807032,0.12123546818097622,93.71642091831046,330.5282128795244
6.599212969336746,8.849241792933551,0.9087045442073554,123.27582608177427,123.86104553291923
1.678014930076791,8.578004212491576,0.8048785719687633,299.6112727017703,19.649041786069933
0.9322257378840537,10.942576918378743,0.8023385112138823,335.838940356371,73.32291618626597
5.317284220385384,8.313595543138407,0.5121961831032144,66.67817284986164,150.31155645463863
4.234075235669428,15.998097442023715,0.4582047636590526,133.73070642769426,78.84893936545028
5.971887048928768,7.809793375690815,0.3726241559498734,333.3783717994265,0.08150672035373796
1.4085204480708817,13.622487665947267,0.1591253730589292,22.189237387430925,328.4855520513623
5.669237527089286,19.9570591000887,0.30541182714432924,33.15742959198489,302.95270863190353
1.8105775803103394,17.581613503578247,0.32194327148022217,58.44196512503634,266.482911103814
1.5637636286270793,14.997852697003141,0.5356693627391814,213.68140745154804,60.24543983692428
1.567727686551454,10.981297070225953,0.7726999659370246,54.019545291153094,43.21052385938499
5.794735681503984,15.1106458717913,0.526428845558152,347.53942094081333,24.27010506058555
4.823781934525301,13.851539030851471,0.15206000450244456,160.3705152858088,259.9264787694787
3.8999252609992756,12.539083990574829,0.9620108208893835,180.04494776570974,333.4420578869508
2.8323981468027664,8.699234897622594,0.948451887184701,88.55044307414093,154.56235970778027
6.201803515285204,18.52585479812607,0.8066705888335676,169.07473062406933,42.77150124658129
3.05089319824713,12.847200434677193,0.9921951114077985,237.62699411668714,183.94902264282626
5.8078963565652515,9.530092653669946,0.5900340995202367,269.6725921665014,125.23065477764821
3.35437690570642,11.780871561404766,0.9664915152278855,270.63864169285876,134.56214784164916
2.9501387912618995,12.383686782876051,0.1680445365550757,207.46290945717772,223.0576940718989
3.507418606852442,17.757992642369366,0.4291126734352342,324.6651592227947,258.01980266113065
2.4589561820669235,16.536986947298224,0.30284314120608924,293.4494171828933,39.706691995464745
5.359460971145632,17.00096361733742,0.276249775720843,271.78027317680653,12.776892859525022
3.7676825356011143,7.143406437572414,0.2267226540034085,19.962382283285365,356.96457866417165
2.0093825184543124,12.4100019763369,0.660172277409397,2.469188436854104,83.5494772606831
6.347234726284695,13.257473971259207,0.8031896701725746,76.26857251317479,19.325158442136807
2.995292938925874,7.249499598699737,0.6204685594783246,238.20497021492938,68.16524314543527
4.033093597240926,10.377571713685445,0.23226643862938873,147.61989850883396,13.985866839098655
6.392068721269555,16.883767700587754,0.8300113929401238,144.46384708845292,140.66011116756462
4.557546973440949,8.782426174476988,0.6723592364473556,317.56669287443134,288.0622406180254
1.2598372646043665,13.959031708883693,0.449349135514296,321.5070624793301,122.5067574630217
6.608908803487588,9.797624336224088,0.7067172659824567,326.39391979523725,159.46184306933358
4.580102344964216,7.157570070370612,0.33391448131854956,112.6822294688948,242.53565171071054
2.67688649527106,10.13561894879404,0.41067298764478943,248.08903677339498,182.69297115508698
1.4052684723120172,19.6863588138307,0.9257372588187912,97.5163120774987,309.2590012816554
5.6611637302569235,17.419982454478863,0.3614540551042784,68.42893007372747,310.9068073414266
4.530472913535338,19.474496376173434,0.522989441342143,66.28305218770555,3.5579396813241577
3.9674970978460897,13.342102571042712,0.9011270236564132,122.81663589003026,279.3186240274685
6.310301789831224,8.426570582807546,0.7369492152407747,154.35478550095598,165.40336248676093
5.62588187295945,14.123473356658009,0.1559829035482325,298.31075240876953,354.99375432801503
1.4858867182628828,12.90690534927949,0.23257273985107332,43.04090255670364,173.48031523928123
2.5261934406710633,17.976642075615008,0.10705743169472515,263.83837921476703,354.2956443943988
2.1151794087940274,8.275073550195179,0.6678296112062471,190.7923141939606,270.8904006728594
5.3356509017224,13.347134781283117,0.5029060828693765,103.3723780206813,89.24915357617697
0.717960825782566,8.950632641021794,0.220847365812048,176.92223084728403,193.28379756401782
4.204282951663558,11.22078704957078,0.9621407089510934,107.67920304995113,356.1766945728112
5.455981457314488,16.585642006041397,0.576693751551058,213.99342193055185,307.8534881829406
6.198976638951372,13.188235681793966,0.3177039647016003,155.74996830503267,34.954714871048374
2.7235313666533987,11.886547706895001,0.5505432140392368,59.021584939317464,253.5875468547886
5.838172480368083,12.128191621410458,0.711658299461597,41.85332376549512,124.06307132762188
1.219106290208847,12.972807989277825,0.16861529617620802,196.26374986389473,2.506632015044974
6.001939896274369,17.20521506988174,0.34723343354310277,323.9662789497111,144.84966788069286
1.3286763051578858,18.597100956223045,0.8262689417955943,123.48080947420911,84.27683739926469
3.0823673886423872,19.41935092455107,0.5136983833623952,263.14703849292175,293.9740681168493
5.682419877567098,17.229744021318837,0.5919194278290655,236.45942642337633,121.10168857562981
1.4744632777670295,11.100289644724166,0.4895344019885224,334.4282142371037,297.08100612942036
1.9901340690121696,15.945751179125049,0.13950994837870462,294.73218521039155,0.21466004169151576
5.194641694554931,12.688840612720096,0.24917480183814034,203.4112879470612,110.50707485937677
5.180237487549483,10.310718086598666,0.5009874748677018,235.87394886604451,86.57831193648654
4.667459613754432,17.931330532536993,0.28826691886713507,322.52074150366855,83.85068262363134
5.01066488903615,7.499542536510225,0.14498112579371086,143.4272436667096,24.47899649580111
4.027708881759375,18.722905897760505,0.8592846976466414,117.31929940294208,67.17761307737013
2.1366938828951927,12.999207040121544,0.9830732762477042,3.8811790250354856,199.44229558893753
2.7470239577754763,15.283619198507646,0.8138285865970655,296.73183563473566,104.59862514875027
1.680385159209267,15.571600988675176,0.8684064295342003,287.552071444808,149.8447268561641
6.404928648668585,18.636530629184975,0.31777941728534087,37.49917199795435,135.29521004464067
4.2920466659797825,15.276705868173694,0.9645642779618798,207.09179982663937,314.4498680749622
3.1055342089636593,14.981136601880802,0.2772331340080856,166.56942964191256,325.0023406447751
3.5030377236868624,7.866476527288969,0.956286829325649,42.61656528777102,176.97155282445377
6.6573417074767995,13.739304285287652,0.995337364569356,352.02399351479977,118.52598616330198
1.4967841202545213,8.952197010621541,0.7405505251714438,77.0758235993446,38.341452736848545
4.310493908109182,16.58663899337931,0.9830293586126397,24.13707065251145,342.2716336981721
3.788276412749029,13.658884970564769,0.6125858016103933,213.55020924118554,21.621473219206784
4.474452530325211,15.842961129708593,0.3335876048584813,265.25313709075874,106.85644964701268
0.6177161948354633,7.541747707830996,0.49329629709905876,11.64719713094012,107.00576622003149
6.1688054081369845,8.102296208595442,0.6342048418409073,236.47963230300095,115.02406172433714
6.55876883614348,16.31220404481487,0.1657734058243135,191.09278346657214,58.978976734794934
4.173365693329858,7.937096367982754,0.6601089381555215,37.07213818614238,281.15495370160727
5.0282303551998,7.9263374609483614,0.983060053086065,61.93607182374398,43.97673244579013
6.496245977652422,7.157410178053537,0.2710968848053549,203.9027727364729,227.93149063598545
5.097051123037091,19.434518177893242,0.813335604659545,106.39238325127053,44.460723587388465
1.4915037789426988,16.58760867296709,0.9171089144016574,336.8553465858225,25.322293895871404
4.245874341084286,11.592268310526833,0.9493314335381987,293.9277423847742,326.4851918232297
4.443647801488563,10.854962556739519,0.9641220439649025,353.100627138405,68.25622710841535
3.256849363465509,11.546141986696044,0.5693136748493247,93.22183118319862,294.82880548693385
5.286887531560699,17.070495905355365,0.9795771171923533,348.1307841744738,195.52248272746175
6.573385595998596,15.597817943915388,0.781579186420995,154.81295925516926,27.950490539548287
6.516195333894046,9.407542382277082,0.24550429261326573,124.75924751763792,343.00590072626625
3.430455914126859,9.263421359343097,0.529210095821173,18.075480181997815,88.65905895008942
1.236047297964909,8.279143446274166,0.7464980578348036,18.94272757159734,308.61267898158576
6.901467793255175,15.583935356117395,0.322606284237175,248.43204088484904,60.60279207665854
5.952837561898572,16.936844608882566,0.6765536651939986,164.396509001816,306.5654946889252
1.3103074278212345,10.445603568225053,0.6999404311419573,81.32126374696195,4.749143833000541
6.48547223701292,7.272284493401867,0.2464297694277093,220.4153399707585,183.72918390844356
6.1543263534038335,8.068231677193555,0.6085767812074806,90.7760644517899,276.2298860123389
3.8724473713194687,19.582180452985398,0.7944642198807469,207.3697998096477,335.5915907799092
4.34329033234204,10.840782107206463,0.5490060980823478,128.95594016678584,326.4035668981289
3.093517575155847,16.999900921895737,0.1108928050984967,295.65524935364306,294.2453281676045
0.8559506523432037,15.120626395105429,0.10813462217136297,294.6299217152738,318.86069452840815
2.678782070698356,11.965215315487647,0.42132640957301093,171.36879292594207,71.51986721551046
5.718547415887074,9.673934408542216,0.9335746615886038,125.9440602512706,102.02216216051063
0.5301081495299186,8.578023436072284,0.3058091016432479,130.15896696471495,103.73970044666001
2.6677446159924374,14.995168584505265,0.6709273199845184,289.2515147148902,135.3623612296099
3.0880965083411316,17.070239148291243,0.29986828362398854,117.81643432434271,141.20212066828273
3.993071419096499,15.370755296034698,0.38950299069359373,75.05231516075771,195.4953615510285
6.479061506682943,13.893927732239058,0.8632378806413356,30.40311473323515,57.396835048552454
2.7512489633787482,7.5453659046112715,0.7559752980429522,167.54283039750263,248.15755229917016
2.75519581232548,19.59035410872699,0.18585934958188957,173.08542351222323,60.15638761031783
5.293758112713364,17.38328449150947,0.48583181888779026,301.8862270346437,111.40074507553257
3.4394166157837467,10.806686477112542,0.12625278728073802,79.42469202413697,180.7009018876093
1.9599313491098829,19.73961428166506,0.5328011319427081,136.77586724695556,285.9221615869283
3.440856854862507,14.824460665272188,0.6961906105309613,290.21766026283507,265.46945473270307
1.415570632468699,14.571494556694205,0.2066523612383364,295.6808762588815,231.74683395137748
1.6465154122904515,16.724951332583917,0.3599964450182491,138.0753762763778,55.92260054828109
3.739390522806618,17.553007245171788,0.4580529629519412,164.82552435991843,196.3892790759924
3.2230154217795612,15.534221895309534,0.9275779221904448,108.87963481489257,31.393294146158876
6.446498356942651,8.6652447027606,0.9939295138806676,334.78720135253303,135.47338046999764
2.855560344258115,11.397477577928479,0.1404201690960543,42.59311190122733,148.45243437409533
4.273824276807282,19.065087324238647,0.7849071311458529,335.2160428575277,14.292306761025625
4.609717871476947,9.920002953970075,0.43455165976210897,245.5080562088882,98.36172770971989
0.5851139678241686,11.838171309887674,0.45321236760653205,190.8344028145365,343.0781587486697
4.812992918108619,12.616999478274547,0.7788384760123204,11.724602821634019,342.3541062108585
1.6572337846533842,12.712264866027878,0.9265837889308678,170.73903286410098,126.48541247666161
6.746957063551458,14.968214572428831,0.9558357350522936,146.3815696959809,15.472939112448337
1.466307730395234,19.2599858906812,0.6194103274344887,57.877553499068995,64.29508321881717
3.195056804225654,10.129005253822564,0.4214090433704526,235.65104765673584,140.8061878426409
1.054772842511185,8.579517891911935,0.8087941772729014,348.6431757452146,340.2529115709535
6.979682636998658,9.567116368179185,0.32590124493607026,201.8257831721645,50.69046380984938
3.7642675671530768,18.530023702720506,0.607666625950166,256.5964262433765,274.1021878768882
4.370002612580285,15.395540564517677,0.4227206153723858,24.573712471200025,39.017031635514456
0.9359971030247787,10.716788260109082,0.6909679663370885,149.9424514983011,352.2714702834684
5.374743057594656,17.607310206592025,0.3163590216041562,41.77269617405402,137.00032318017946
1.8643863551213076,18.19780995272467,0.2724336511613432,219.99370495760724,278.3091994647611
6.337352881364639,18.004686402973615,0.9264151780078934,336.9150947988815,122.99019872919632
1.8334076631330465,18.946044937314205,0.1916233146545832,237.57820595731823,225.33312690001233
1.7394701843138327,10.279133262253701,0.5553621169614386,27.572294344877328,68.93377442167319
0.7375728410126168,16.815545073701617,0.29876750466670804,127.32516758964474,52.42154592760955
3.568435143214995,12.98701346456382,0.13503696699310072,197.6881532192657,336.76502610495913
4.171467366207007,17.9459811875708,0.13241693646228375,144.75158445183754,329.4353727676916
0.9271061562842904,16.47037880310097,0.25769959489524463,299.27819976058686,318.6013495364248
5.540929508517569,17.09381680449642,0.8800933190554002,292.46689069088615,224.53060860980705
3.4463774258621793,15.53010388985393,0.35423086957932404,219.6473362170565,290.1682878266439
3.90853675062927,9.306574003106189,0.9554132535177662,134.0714023026412,24.784260351183594
3.364957855098483,14.085349945660198,0.6234600636902742,91.66575818100465,120.18926603875381
3.104959895689619,19.800706613818605,0.4929527707918895,38.00888023851343,112.61942178781908
4.137662153503417,19.186044864462545,0.6220799512025091,127.4082683716729,228.19667058098815
1.5090615985496312,7.561258565361152,0.565028546703641,148.3289336775713,127.78884067595995
1.6825328482192623,9.142592604482683,0.7828986283815926,242.6204301123624,53.31393461008141
6.1016065365878625,8.712474054909304,0.3542464593755671,236.27937692282887,214.1316800734622
6.649750503868613,16.437738829808843,0.4177453524402721,25.168822131211247,292.36382752020023
2.9265105558183944,17.631209288140287,0.9046848722799257,141.89809423978565,137.18233451113036
2.2598403754330993,9.775647762038735,0.9518108618353649,65.25861333103293,47.48446872035493
4.685997031053603,13.576085008373777,0.9033024047378271,56.29576120873324,70.61106283530347
3.1567721121376264,17.9291393641456,0.4775031945615822,297.0014717556713,85.25650655580885
0.6650113117922416,16.526420081961255,0.8023289527061935,15.047562801136454,107.6632358850385
1.5149918828802373,14.049083671394028,0.5287021599709889,150.48665244886155,230.76343031176498
5.153819487508084,14.674519975964047,0.547785866931492,60.38511242018003,215.73942894904113
4.783005622415984,13.608687109911639,0.28421209815155557,315.67954742857216,249.89267030256707
0.6761239512726427,10.868129867144667,0.6320172729326649,199.9775442657376,130.1382124468132
1.9428190525641713,14.34528590716721,0.26752230797801313,83.06564845928844,295.8151570249122
2.001986177822464,15.955508926651179,0.39840822916047436,180.37139609272913,73.26747035491793
4.867302833391735,18.353197906190502,0.8695271814579416,262.6036031334186,168.38562835901726
0.628118495403367,15.271787601730225,0.2863682282897697,343.96436520207675,287.5370010333735
1.17670578289973,16.89457998156105,0.16404245665608952,79.1401155241054,64.67695453601031
5.6994545549257305,9.08093125440945,0.1621068333515347,318.1392561944349,39.44085783294108
1.6605403033531685,13.000247167457267,0.9467060684527971,335.415176986129,317.24254439998833
4.742849701037185,7.121311057752213,0.5562283941656512,328.9949754870118,123.11174893055133
2.048188076803722,10.2068252387811,0.4684708646353165,228.11375411342564,245.50937484234248
1.1463690529357435,16.444002296469062,0.8297907229071266,226.10561494206007,9.100148930753914
2.0806192414964517,19.893529367541724,0.8522433351194644,144.75261731299238,247.7268329389924
5.194735057061784,8.289315294633807,0.39897192980404417,270.11083974705986,113.48037084536242
6.062027042690858,12.219426106196748,0.7242562517264157,190.73455258798455,20.010966437891586
5.896429119685445,17.400922593089074,0.7940105342666979,243.20026757095772,218.92278139577402
3.081692942519956,9.652463250175686,0.6891856181793591,153.81638748171756,86.44856997026919
4.8425533877092,14.216104340929721,0.23643556732008944,262.60723059148694,138.86379989662493
1.8323979202028364,16.52992684838577,0.8882947751653513,295.9852748200331,28.92851161085838
2.4054602466965864,15.007810853382328,0.5851850974624079,52.57061612041099,52.83160714308537
6.326182820387278,9.44432155000041,0.3542251837330034,299.0217678911479,106.97382754300791
0.5845125028197842,11.619999392914613,0.4827053668939245,193.9664549127203,32.223660701096414
1.0558054505540424,17.189293198310164,0.13381398135901665,303.2350613633905,326.98662902238715
1.8512606584491775,14.204944683716217,0.21508012110017583,154.83731257642424,2.170888503048252
0.6724593251798281,7.067984976057866,0.7889920754642747,136.07553425250958,173.7058185722878
1.6793303280836827,16.89287988036522,0.10001047127982954,328.50680297368285,44.24583746958597
4.289770146302999,7.459047614223108,0.474909245634063,90.16976704987607,110.45679312258352
3.239259578851237,16.694539175506016,0.5702591629770296,303.07222477772535,332.4553819747573
6.302366122000336,9.632247282148086,0.1491709780008751,173.76338553087606,58.04834462536128
5.813383151299866,19.454955241551943,0.9757703466750995,184.56026387590225,346.7338027788814
2.721812786036194,11.783229766927098,0.3035127981247048,110.74011305472476,73.8801813392024
2.186252317303401,11.250111012395028,0.3737788476726528,205.72215002222663,266.22223293959183
2.968000653087235,8.935544654321781,0.37354826102952465,116.75081946315986,196.2571380981349
4.3369171263462505,10.972854801372794,0.3073749959056149,14.09771971275318,317.5278632072365
2.2424136653486957,18.396459903766605,0.10132643987768028,97.64749931862382,198.883578725624
4.556967901019371,19.952346389154215,0.7564103146791967,2.2900765829660537,191.90675967711482
3.161175739243063,11.788023896589028,0.9701609498193569,351.2293685534115,70.16942213225556
4.088306675537872,12.831938202409052,0.3018641349565406,346.70324832528934,59.67634097654548
3.3348224393795585,16.38692219663558,0.6967424726230802,141.86075179255752,329.0196052504696
2.414027437022465,18.52054514604597,0.7677066942628435,261.4851367079329,117.69391338716223
6.664946495254019,14.709576344428193,0.8635828411814722,124.14438932934257,133.57752953167963
5.463437662038445,12.089834076311782,0.48036627731224824,240.9224433938654,272.7766933757914
1.4107356424819415,12.36408393103211,0.3726378150763864,289.1493854535065,121.63763018978784
6.1450418433364336,16.043035904458492,0.39276562062072806,339.88549184451443,341.790418343402
3.6683027886218387,7.041837426855623,0.7413591997886615,143.67620703003226,264.91606907056934
6.314589474811594,15.054661386977928,0.8351015198550724,281.20397588122114,214.47709808385778
5.699059163657549,11.621409135737647,0.26345257098094244,95.46831377693064,316.24136263556613
3.2638877790500174,17.324565306602096,0.4338469073419887,355.52929706191975,17.808521097464308
0.6460505040807631,8.208878317700718,0.911746177074235,9.25128595640206,92.28550649592594
2.2464028360021495,14.646629470329078,0.8260241677252653,216.6668415339024,166.94804398530667
4.020622395295635,13.25264756851961,0.9863725624862283,236.76264741282642,81.48529567027605
4.617608428869957,15.350231836767957,0.7788234337138726,247.00835498961226,267.06196224147254
2.176269955315815,7.843096728278589,0.4538756809251301,43.21914078528295,329.99568314828736
1.4058144814733569,14.539789236565706,0.631574050595174,336.9321922668538,152.1334730552015
5.9270465391954446,14.299299643473809,0.6949128288225883,65.04479717897972,122.82560344017028
6.898614174573089,14.288581227410223,0.17061023468541156,223.56847176310293,345.19671283738626
3.916986184967458,14.845339665753912,0.5900472631934786,79.9407124051875,159.70202338508716
1.6159153580139727,15.794083183942709,0.7383887456253486,110.29069371063625,175.56837576129269
2.2699976223758984,17.464856995850006,0.25058917360095434,196.17861648039664,126.24230417074402
0.6195393975585337,10.507669361666785,0.8025685456830014,149.77243726468296,326.52790181135765
6.442942242643244,17.725642332340804,0.6253955024627005,57.52099075056576,204.25501849818443
1.2653820387859174,13.477323869424897,0.9569996071278352,61.366168469084535,273.6206767982104
4.247357090842648,8.001757628746304,0.13818006838620253,150.11397895044507,291.4386118879682
2.281358934466839,7.761162080171729,0.3387935237999203,271.8645892009048,122.72380604829569
4.102157016352657,11.34509814304879,0.6413984913698416,322.3693082183561,155.69626494401643
4.734232524287117,17.203660702449078,0.36690392098533764,30.20183075111844,304.601367011849
5.89332172409681,16.199852151631905,0.742981747664118,141.12430281382498,130.40867125161589
1.8417382664439208,17.251994540741286,0.7831047542697379,35.98815737651271,285.0227129092146
0.571472886280123,13.724497733740922,0.19226436765982702,5.95670054710264,337.8162438042229
1.3897565954472473,12.722586973421377,0.5624690177860909,237.55700706918043,223.7325239314145
6.350121172012683,8.916882847181691,0.5580015000319504,216.279349666005,266.2441961952281
6.180285504156349,11.26650579692105,0.43235269319398695,58.52386185954415,289.0299350227674
4.3831851641070045,12.642251760260379,0.9396323763127049,83.93880708041002,303.36923395389465
4.403359592818747,8.151805585835024,0.844755687885899,8.511083558382099,141.82414829058976
4.822738384550661,9.867955385245747,0.727488443718673,299.74604684429096,18.403581844183343
1.6399133110524224,14.776928822828605,0.7428939721614978,349.91392398143,144.2735813739895
6.443677648512239,16.563620485109467,0.5155445294318072,48.629973709294,241.87848649248824
3.222008411798475,19.978517648108344,0.9288950689869183,83.09960174174202,161.6757884953046
2.9904004336217334,19.13047330746625,0.7251358845279569,311.7590190969493,268.8777711588831
3.872965084338444,15.35334759395749,0.7560829554902347,332.60050346627037,128.15669217925034
0.8052787840378578,12.476224692822935,0.8755218134086107,150.64623042764492,227.87314665634662
1.5808418969145162,15.270305741207025,0.3466644304079719,18.17346754459761,66.92470994257687
5.297218506771408,17.213471035043014,0.8263638134800327,14.141668295722164,269.0236277555395
1.038191341513322,8.538370482004035,0.27571654266084283,206.04800191877476,195.90485280387628
4.420488711531523,12.328763566051748,0.41080775702039907,141.04934409265127,73.25911548822961
2.094769212928586,17.917429713263026,0.40204940884285845,10.286221500377971,104.79611128571281
3.0304214912728478,11.989828375129573,0.9806729215502265,209.3876088402079,268.75052638087783
2.376509289009549,14.434339525953426,0.8708835013731342,4.057610635459067,173.25384360248592
2.8118726570221693,14.641001691208576,0.7310528754312338,282.666532975589,77.55528710111292
5.173798383697596,9.398191290737312,0.7543510854538511,110.00938335051039,347.25035734293687
2.4312911515506377,11.70906074147975,0.605865514962314,14.452623080314325,256.72988211426275
4.1816301619298315,11.348646753645118,0.9523816003976672,211.21844733295205,343.6114048817868
3.594327614294148,7.340557210916843,0.5466328775941254,142.76870478146662,153.33071128436322
4.813862574857213,7.314492930587618,0.4424659388829051,349.5943483952167,170.56102230832764
6.589393305610927,17.812061567785054,0.2467318032384319,195.36731983882908,322.3659226104219
5.261718631866627,10.549920529646561,0.8075850870349521,98.81086599228597,188.4927131480931
1.897112460839919,13.7350239611046,0.7609995388680323,254.68855240359693,253.9131293741345
0.7026903778983504,10.883432456654049,0.4459195346717214,97.46562891283337,90.53006302089526
2.2047162879488633,19.228830186499426,0.12267407256330642,324.6233416153159,160.37480226424796
4.368006549551657,10.370857865255058,0.8550975949462096,134.52518741214814,44.31850182591749
0.8342677876476272,12.585538565606157,0.11027618510866627,197.40281403665767,73.94683287982924
3.726380606808036,18.345493256299825,0.7333298016661458,18.15574427289816,0.3386860810795602
4.37947851795978,17.94513636829351,0.9732313987534513,152.97752442485086,14.096153541869024
2.6725852903102454,9.419318432001605,0.4938951953333831,298.8185107382972,350.84489252051765
5.510929324347843,17.434363027344233,0.3114760644963575,289.22792112543976,87.00497655409767
1.1928886453695167,12.956429527592604,0.7343839090390435,80.53036262841593,238.1285447119367
0.988395581282757,13.278595337109618,0.8354153278140266,81.16238649279201,301.23679186906054
5.233226915323422,8.735239641407269,0.5917872844700626,293.412607084552,197.68710486592656
3.72069355534029,8.04781967884262,0.9703317477305315,334.01303284078784,54.97887553014027
4.974615576780284,16.463210990658947,0.146501849492165,34.234570737008276,261.39380100368373
3.3263777009243505,13.453994980618898,0.5543160384740753,161.57105155401487,215.4902562257503
2.1016132160541945,12.679059133997335,0.746608552590295,121.1460861481582,262.51896157570764
5.8241650648822985,16.483606972481155,0.8763764240342611,312.57715550922074,276.3390376056943
5.696203213298365,16.951667686884427,0.26133005071701104,29.98544437012674,350.17232199882346
5.015527060553774,9.065806179701596,0.8200031335873132,75.79421337833543,205.9092175295889
2.2689433919947577,14.932926943209337,0.5974363681466908,270.1361331935515,122.64915945592605
4.336499334649066,8.759603069609913,0.4568983137909669,18.414491784256395,232.79877592718512
2.8463303301101743,16.767876118377593,0.2185435257211842,176.82020167642983,24.57021461810278
1.095283476623122,15.540417031472813,0.8787661830180211,158.71642545001947,322.1656372774495
6.462538240504578,19.435990074084955,0.24154588736174382,120.05002325696077,42.857783070412644
1.3893211009732491,7.896454212633476,0.37880907328818936,141.65146119949364,117.69557880100875
6.676542799835216,7.7417113749663065,0.36104097876619323,190.24867070795364,292.8525916447774
3.399037524226712,10.668431971011602,0.8842726307717689,57.93088166142954,214.43514382072556
